Cut,Label
IMG_10-10.png,1
IMG_10-11.png,1
IMG_10-12.png,1
IMG_10-13.png,1
IMG_10-14.png,1
IMG_10-15.png,1
IMG_10-16.png,1
IMG_10-17.png,1
IMG_10-18.png,1
IMG_10-7.png,1
IMG_10-8.png,1
IMG_10-9.png,1
IMG_11-10.png,1
IMG_11-11.png,1
IMG_11-12.png,1
IMG_11-13.png,1
IMG_11-14.png,1
IMG_11-15.png,1
IMG_11-16.png,1
IMG_11-17.png,1
IMG_11-18.png,1
IMG_11-7.png,1
IMG_11-8.png,1
IMG_11-9.png,1
IMG_12-10.png,1
IMG_12-11.png,1
IMG_12-12.png,1
IMG_12-13.png,1
IMG_12-14.png,1
IMG_12-15.png,1
IMG_12-16.png,1
IMG_12-17.png,1
IMG_12-18.png,1
IMG_12-7.png,1
IMG_12-8.png,1
IMG_12-9.png,1
IMG_13-10.png,1
IMG_13-11.png,1
IMG_13-12.png,1
IMG_13-13.png,1
IMG_13-14.png,1
IMG_13-15.png,1
IMG_13-16.png,1
IMG_13-17.png,1
IMG_13-18.png,1
IMG_13-7.png,1
IMG_13-8.png,1
IMG_13-9.png,1
IMG_1-10.png,1
IMG_1-11.png,1
IMG_1-12.png,1
IMG_1-13.png,1
IMG_1-14.png,1
IMG_1-15.png,1
IMG_1-16.png,1
IMG_1-17.png,1
IMG_1-18.png,1
IMG_1-7.png,1
IMG_1-8.png,1
IMG_1-9.png,1
IMG_2-10.png,1
IMG_2-11.png,1
IMG_2-12.png,1
IMG_2-13.png,1
IMG_2-14.png,1
IMG_2-15.png,1
IMG_2-16.png,1
IMG_2-17.png,1
IMG_2-18.png,1
IMG_2-7.png,1
IMG_2-8.png,1
IMG_2-9.png,1
IMG_32-10.png,1
IMG_32-11.png,1
IMG_32-12.png,1
IMG_32-13.png,1
IMG_32-14.png,1
IMG_32-15.png,1
IMG_32-16.png,1
IMG_32-17.png,1
IMG_32-18.png,1
IMG_32-7.png,1
IMG_32-8.png,1
IMG_32-9.png,1
IMG_33-10.png,1
IMG_33-11.png,1
IMG_33-12.png,1
IMG_33-13.png,1
IMG_33-14.png,1
IMG_33-15.png,1
IMG_33-16.png,1
IMG_33-17.png,1
IMG_33-18.png,1
IMG_33-7.png,1
IMG_33-8.png,1
IMG_33-9.png,1
IMG_34-10.png,1
IMG_34-11.png,1
IMG_34-12.png,1
IMG_34-13.png,1
IMG_34-14.png,1
IMG_34-15.png,1
IMG_34-16.png,1
IMG_34-17.png,1
IMG_34-18.png,1
IMG_34-7.png,1
IMG_34-8.png,1
IMG_34-9.png,1
IMG_35-10.png,1
IMG_35-11.png,1
IMG_35-12.png,1
IMG_35-13.png,1
IMG_35-14.png,1
IMG_35-15.png,1
IMG_35-16.png,1
IMG_35-17.png,1
IMG_35-18.png,1
IMG_35-7.png,1
IMG_35-8.png,1
IMG_35-9.png,1
IMG_36-10.png,1
IMG_36-11.png,1
IMG_36-12.png,1
IMG_36-13.png,1
IMG_36-14.png,1
IMG_36-15.png,1
IMG_36-16.png,1
IMG_36-17.png,1
IMG_36-18.png,1
IMG_36-7.png,1
IMG_36-8.png,1
IMG_36-9.png,1
IMG_37-10.png,1
IMG_37-11.png,1
IMG_37-12.png,1
IMG_37-13.png,1
IMG_37-14.png,1
IMG_37-15.png,1
IMG_37-16.png,1
IMG_37-17.png,1
IMG_37-18.png,1
IMG_37-7.png,1
IMG_37-8.png,1
IMG_37-9.png,1
IMG_38-10.png,1
IMG_38-11.png,1
IMG_38-12.png,1
IMG_38-13.png,1
IMG_38-14.png,1
IMG_38-15.png,1
IMG_38-16.png,1
IMG_38-17.png,1
IMG_38-18.png,1
IMG_38-7.png,1
IMG_38-8.png,1
IMG_38-9.png,1
IMG_39-10.png,1
IMG_39-12.png,1
IMG_39-13.png,1
IMG_39-14.png,1
IMG_39-15.png,1
IMG_39-16.png,1
IMG_39-17.png,1
IMG_39-18.png,1
IMG_39-5.png,1
IMG_39-7.png,1
IMG_39-8.png,1
IMG_39-9.png,1
IMG_3-10.png,1
IMG_3-11.png,1
IMG_3-12.png,1
IMG_3-13.png,1
IMG_3-14.png,1
IMG_3-15.png,1
IMG_3-16.png,1
IMG_3-17.png,1
IMG_3-18.png,1
IMG_3-7.png,1
IMG_3-8.png,1
IMG_3-9.png,1
IMG_40-10.png,1
IMG_40-11.png,1
IMG_40-12.png,1
IMG_40-13.png,1
IMG_40-14.png,1
IMG_40-15.png,1
IMG_40-16.png,1
IMG_40-17.png,1
IMG_40-18.png,1
IMG_40-3.png,1
IMG_40-7.png,1
IMG_40-8.png,1
IMG_41-10.png,1
IMG_41-11.png,1
IMG_41-12.png,1
IMG_41-13.png,1
IMG_41-14.png,1
IMG_41-15.png,1
IMG_41-17.png,1
IMG_41-18.png,1
IMG_41-22.png,1
IMG_41-7.png,1
IMG_41-8.png,1
IMG_41-9.png,1
IMG_42-10.png,1
IMG_42-11.png,1
IMG_42-12.png,1
IMG_42-13.png,1
IMG_42-14.png,1
IMG_42-15.png,1
IMG_42-17.png,1
IMG_42-18.png,1
IMG_42-22.png,1
IMG_42-7.png,1
IMG_42-8.png,1
IMG_42-9.png,1
IMG_43-10.png,1
IMG_43-12.png,1
IMG_43-13.png,1
IMG_43-14.png,1
IMG_43-15.png,1
IMG_43-17.png,1
IMG_43-18.png,1
IMG_43-22.png,1
IMG_43-5.png,1
IMG_43-7.png,1
IMG_43-8.png,1
IMG_43-9.png,1
IMG_44-10.png,1
IMG_44-11.png,1
IMG_44-12.png,1
IMG_44-14.png,1
IMG_44-15.png,1
IMG_44-16.png,1
IMG_44-17.png,1
IMG_44-18.png,1
IMG_44-7.png,1
IMG_44-8.png,1
IMG_45-10.png,1
IMG_45-11.png,1
IMG_45-12.png,1
IMG_45-13.png,1
IMG_45-14.png,1
IMG_45-15.png,1
IMG_45-17.png,1
IMG_45-18.png,1
IMG_45-8.png,1
IMG_45-9.png,1
IMG_46-10.png,1
IMG_46-11.png,1
IMG_46-13.png,1
IMG_46-14.png,1
IMG_46-15.png,1
IMG_46-17.png,1
IMG_46-18.png,1
IMG_46-8.png,1
IMG_46-9.png,1
IMG_47-10.png,1
IMG_47-11.png,1
IMG_47-12.png,1
IMG_47-13.png,1
IMG_47-15.png,1
IMG_47-17.png,1
IMG_47-18.png,1
IMG_47-8.png,1
IMG_47-9.png,1
IMG_48-10.png,1
IMG_48-11.png,1
IMG_48-12.png,1
IMG_48-13.png,1
IMG_48-15.png,1
IMG_48-17.png,1
IMG_48-18.png,1
IMG_48-8.png,1
IMG_48-9.png,1
IMG_49-10.png,1
IMG_49-11.png,1
IMG_49-12.png,1
IMG_49-13.png,1
IMG_49-15.png,1
IMG_49-17.png,1
IMG_49-18.png,1
IMG_49-20.png,1
IMG_49-6.png,1
IMG_49-8.png,1
IMG_49-9.png,1
IMG_4-10.png,1
IMG_4-11.png,1
IMG_4-12.png,1
IMG_4-13.png,1
IMG_4-14.png,1
IMG_4-15.png,1
IMG_4-16.png,1
IMG_4-17.png,1
IMG_4-18.png,1
IMG_4-7.png,1
IMG_4-8.png,1
IMG_4-9.png,1
IMG_50-10.png,1
IMG_50-11.png,1
IMG_50-12.png,1
IMG_50-13.png,1
IMG_50-14.png,1
IMG_50-15.png,1
IMG_50-16.png,1
IMG_50-17.png,1
IMG_50-18.png,1
IMG_50-7.png,1
IMG_50-8.png,1
IMG_50-9.png,1
IMG_51-10.png,1
IMG_51-11.png,1
IMG_51-12.png,1
IMG_51-13.png,1
IMG_51-14.png,1
IMG_51-15.png,1
IMG_51-16.png,1
IMG_51-17.png,1
IMG_51-18.png,1
IMG_51-7.png,1
IMG_51-8.png,1
IMG_51-9.png,1
IMG_52-10.png,1
IMG_52-11.png,1
IMG_52-12.png,1
IMG_52-13.png,1
IMG_52-15.png,1
IMG_52-16.png,1
IMG_52-17.png,1
IMG_52-18.png,1
IMG_52-20.png,1
IMG_52-7.png,1
IMG_52-8.png,1
IMG_52-9.png,1
IMG_53-11.png,1
IMG_53-12.png,1
IMG_53-13.png,1
IMG_53-15.png,1
IMG_53-16.png,1
IMG_53-17.png,1
IMG_53-18.png,1
IMG_53-20.png,1
IMG_53-4.png,1
IMG_53-7.png,1
IMG_53-8.png,1
IMG_54-11.png,1
IMG_54-12.png,1
IMG_54-13.png,1
IMG_54-15.png,1
IMG_54-16.png,1
IMG_54-17.png,1
IMG_54-18.png,1
IMG_54-4.png,1
IMG_54-7.png,1
IMG_54-8.png,1
IMG_54-9.png,1
IMG_55-11.png,1
IMG_55-12.png,1
IMG_55-13.png,1
IMG_55-15.png,1
IMG_55-16.png,1
IMG_55-17.png,1
IMG_55-4.png,1
IMG_55-7.png,1
IMG_55-8.png,1
IMG_55-9.png,1
IMG_5-10.png,1
IMG_5-11.png,1
IMG_5-12.png,1
IMG_5-13.png,1
IMG_5-14.png,1
IMG_5-15.png,1
IMG_5-16.png,1
IMG_5-17.png,1
IMG_5-18.png,1
IMG_5-7.png,1
IMG_5-8.png,1
IMG_5-9.png,1
IMG_6-10.png,1
IMG_6-11.png,1
IMG_6-12.png,1
IMG_6-13.png,1
IMG_6-14.png,1
IMG_6-15.png,1
IMG_6-16.png,1
IMG_6-17.png,1
IMG_6-18.png,1
IMG_6-7.png,1
IMG_6-8.png,1
IMG_6-9.png,1
IMG_7-10.png,1
IMG_7-11.png,1
IMG_7-12.png,1
IMG_7-13.png,1
IMG_7-14.png,1
IMG_7-15.png,1
IMG_7-16.png,1
IMG_7-17.png,1
IMG_7-18.png,1
IMG_7-7.png,1
IMG_7-8.png,1
IMG_7-9.png,1
IMG_8-10.png,1
IMG_8-11.png,1
IMG_8-12.png,1
IMG_8-13.png,1
IMG_8-14.png,1
IMG_8-15.png,1
IMG_8-16.png,1
IMG_8-17.png,1
IMG_8-18.png,1
IMG_8-7.png,1
IMG_8-8.png,1
IMG_8-9.png,1
IMG_9-10.png,1
IMG_9-11.png,1
IMG_9-12.png,1
IMG_9-13.png,1
IMG_9-14.png,1
IMG_9-15.png,1
IMG_9-16.png,1
IMG_9-17.png,1
IMG_9-18.png,1
IMG_9-7.png,1
IMG_9-8.png,1
IMG_9-9.png,1
IMG_10-1.png,2
IMG_10-2.png,2
IMG_10-3.png,2
IMG_10-4.png,2
IMG_10-5.png,2
IMG_10-6.png,2
IMG_11-19.png,2
IMG_11-20.png,2
IMG_11-21.png,2
IMG_11-22.png,2
IMG_11-23.png,2
IMG_11-24.png,2
IMG_12-19.png,2
IMG_12-20.png,2
IMG_12-21.png,2
IMG_12-22.png,2
IMG_12-23.png,2
IMG_12-24.png,2
IMG_13-19.png,2
IMG_13-20.png,2
IMG_13-21.png,2
IMG_13-22.png,2
IMG_13-23.png,2
IMG_13-24.png,2
IMG_1-19.png,2
IMG_1-20.png,2
IMG_1-21.png,2
IMG_1-22.png,2
IMG_1-23.png,2
IMG_1-24.png,2
IMG_2-19.png,2
IMG_2-20.png,2
IMG_2-21.png,2
IMG_2-22.png,2
IMG_2-23.png,2
IMG_2-24.png,2
IMG_32-1.png,2
IMG_32-2.png,2
IMG_32-3.png,2
IMG_32-4.png,2
IMG_32-5.png,2
IMG_32-6.png,2
IMG_33-19.png,2
IMG_33-20.png,2
IMG_33-21.png,2
IMG_33-22.png,2
IMG_33-23.png,2
IMG_33-24.png,2
IMG_34-19.png,2
IMG_34-20.png,2
IMG_34-21.png,2
IMG_34-22.png,2
IMG_34-23.png,2
IMG_34-24.png,2
IMG_35-1.png,2
IMG_35-2.png,2
IMG_35-3.png,2
IMG_35-4.png,2
IMG_35-5.png,2
IMG_35-6.png,2
IMG_36-19.png,2
IMG_36-20.png,2
IMG_36-21.png,2
IMG_36-22.png,2
IMG_36-23.png,2
IMG_36-24.png,2
IMG_37-1.png,2
IMG_37-2.png,2
IMG_37-3.png,2
IMG_37-4.png,2
IMG_37-5.png,2
IMG_37-6.png,2
IMG_38-1.png,2
IMG_38-2.png,2
IMG_38-3.png,2
IMG_38-4.png,2
IMG_38-5.png,2
IMG_38-6.png,2
IMG_39-11.png,2
IMG_39-1.png,2
IMG_39-2.png,2
IMG_39-3.png,2
IMG_39-4.png,2
IMG_39-6.png,2
IMG_3-1.png,2
IMG_3-2.png,2
IMG_3-3.png,2
IMG_3-4.png,2
IMG_3-5.png,2
IMG_3-6.png,2
IMG_40-19.png,2
IMG_40-20.png,2
IMG_40-21.png,2
IMG_40-22.png,2
IMG_40-23.png,2
IMG_40-24.png,2
IMG_41-16.png,2
IMG_41-2.png,2
IMG_41-3.png,2
IMG_41-4.png,2
IMG_41-5.png,2
IMG_41-6.png,2
IMG_42-16.png,2
IMG_42-19.png,2
IMG_42-2.png,2
IMG_42-3.png,2
IMG_42-4.png,2
IMG_42-6.png,2
IMG_43-16.png,2
IMG_43-2.png,2
IMG_43-3.png,2
IMG_43-4.png,2
IMG_43-6.png,2
IMG_44-1.png,2
IMG_44-2.png,2
IMG_44-3.png,2
IMG_44-4.png,2
IMG_44-6.png,2
IMG_45-19.png,2
IMG_45-21.png,2
IMG_45-22.png,2
IMG_45-23.png,2
IMG_45-24.png,2
IMG_46-19.png,2
IMG_46-21.png,2
IMG_46-22.png,2
IMG_46-23.png,2
IMG_46-24.png,2
IMG_47-19.png,2
IMG_47-21.png,2
IMG_47-22.png,2
IMG_47-23.png,2
IMG_48-19.png,2
IMG_48-21.png,2
IMG_48-22.png,2
IMG_48-23.png,2
IMG_49-19.png,2
IMG_49-21.png,2
IMG_49-22.png,2
IMG_49-23.png,2
IMG_49-24.png,2
IMG_49-4.png,2
IMG_4-1.png,2
IMG_4-2.png,2
IMG_4-3.png,2
IMG_4-4.png,2
IMG_4-5.png,2
IMG_4-6.png,2
IMG_50-19.png,2
IMG_50-20.png,2
IMG_50-21.png,2
IMG_50-22.png,2
IMG_50-23.png,2
IMG_50-24.png,2
IMG_51-19.png,2
IMG_51-20.png,2
IMG_51-22.png,2
IMG_51-23.png,2
IMG_51-24.png,2
IMG_52-1.png,2
IMG_52-2.png,2
IMG_52-3.png,2
IMG_52-5.png,2
IMG_52-6.png,2
IMG_53-1.png,2
IMG_53-2.png,2
IMG_53-3.png,2
IMG_53-5.png,2
IMG_53-6.png,2
IMG_54-1.png,2
IMG_54-2.png,2
IMG_54-3.png,2
IMG_54-5.png,2
IMG_54-6.png,2
IMG_55-1.png,2
IMG_55-22.png,2
IMG_55-2.png,2
IMG_55-5.png,2
IMG_55-6.png,2
IMG_5-19.png,2
IMG_5-20.png,2
IMG_5-21.png,2
IMG_5-22.png,2
IMG_5-23.png,2
IMG_5-24.png,2
IMG_6-1.png,2
IMG_6-2.png,2
IMG_6-3.png,2
IMG_6-4.png,2
IMG_6-5.png,2
IMG_6-6.png,2
IMG_7-1.png,2
IMG_7-2.png,2
IMG_7-3.png,2
IMG_7-4.png,2
IMG_7-5.png,2
IMG_7-6.png,2
IMG_8-1.png,2
IMG_8-2.png,2
IMG_8-3.png,2
IMG_8-4.png,2
IMG_8-5.png,2
IMG_8-6.png,2
IMG_9-1.png,2
IMG_9-2.png,2
IMG_9-3.png,2
IMG_9-4.png,2
IMG_9-5.png,2
IMG_9-6.png,2
IMG_10-19.png,3
IMG_10-20.png,3
IMG_10-21.png,3
IMG_10-22.png,3
IMG_10-23.png,3
IMG_10-24.png,3
IMG_11-1.png,3
IMG_11-2.png,3
IMG_11-3.png,3
IMG_11-4.png,3
IMG_11-5.png,3
IMG_11-6.png,3
IMG_12-1.png,3
IMG_12-2.png,3
IMG_12-3.png,3
IMG_12-4.png,3
IMG_12-5.png,3
IMG_12-6.png,3
IMG_13-1.png,3
IMG_13-2.png,3
IMG_13-3.png,3
IMG_13-4.png,3
IMG_13-5.png,3
IMG_13-6.png,3
IMG_1-1.png,3
IMG_1-2.png,3
IMG_1-3.png,3
IMG_1-4.png,3
IMG_1-5.png,3
IMG_1-6.png,3
IMG_2-1.png,3
IMG_2-2.png,3
IMG_2-3.png,3
IMG_2-4.png,3
IMG_2-5.png,3
IMG_2-6.png,3
IMG_32-19.png,3
IMG_32-20.png,3
IMG_32-21.png,3
IMG_32-22.png,3
IMG_32-23.png,3
IMG_32-24.png,3
IMG_33-1.png,3
IMG_33-2.png,3
IMG_33-3.png,3
IMG_33-4.png,3
IMG_33-5.png,3
IMG_33-6.png,3
IMG_34-1.png,3
IMG_34-2.png,3
IMG_34-3.png,3
IMG_34-4.png,3
IMG_34-5.png,3
IMG_34-6.png,3
IMG_35-19.png,3
IMG_35-20.png,3
IMG_35-21.png,3
IMG_35-22.png,3
IMG_35-23.png,3
IMG_35-24.png,3
IMG_36-1.png,3
IMG_36-2.png,3
IMG_36-3.png,3
IMG_36-4.png,3
IMG_36-5.png,3
IMG_36-6.png,3
IMG_37-19.png,3
IMG_37-20.png,3
IMG_37-21.png,3
IMG_37-22.png,3
IMG_37-23.png,3
IMG_37-24.png,3
IMG_38-19.png,3
IMG_38-20.png,3
IMG_38-21.png,3
IMG_38-22.png,3
IMG_38-23.png,3
IMG_38-24.png,3
IMG_39-19.png,3
IMG_39-20.png,3
IMG_39-21.png,3
IMG_39-22.png,3
IMG_39-23.png,3
IMG_39-24.png,3
IMG_3-19.png,3
IMG_3-20.png,3
IMG_3-21.png,3
IMG_3-22.png,3
IMG_3-23.png,3
IMG_3-24.png,3
IMG_40-1.png,3
IMG_40-2.png,3
IMG_40-4.png,3
IMG_40-5.png,3
IMG_40-6.png,3
IMG_40-9.png,3
IMG_41-19.png,3
IMG_41-1.png,3
IMG_41-20.png,3
IMG_41-21.png,3
IMG_41-23.png,3
IMG_41-24.png,3
IMG_42-1.png,3
IMG_42-20.png,3
IMG_42-21.png,3
IMG_42-23.png,3
IMG_42-24.png,3
IMG_42-5.png,3
IMG_43-11.png,3
IMG_43-19.png,3
IMG_43-20.png,3
IMG_43-21.png,3
IMG_43-23.png,3
IMG_43-24.png,3
IMG_44-19.png,3
IMG_44-20.png,3
IMG_44-21.png,3
IMG_44-22.png,3
IMG_44-23.png,3
IMG_44-24.png,3
IMG_45-1.png,3
IMG_45-2.png,3
IMG_45-3.png,3
IMG_45-4.png,3
IMG_45-5.png,3
IMG_46-1.png,3
IMG_46-3.png,3
IMG_46-4.png,3
IMG_46-5.png,3
IMG_47-3.png,3
IMG_47-4.png,3
IMG_47-5.png,3
IMG_48-3.png,3
IMG_48-4.png,3
IMG_48-5.png,3
IMG_49-14.png,3
IMG_49-2.png,3
IMG_49-3.png,3
IMG_49-5.png,3
IMG_49-7.png,3
IMG_4-19.png,3
IMG_4-20.png,3
IMG_4-21.png,3
IMG_4-22.png,3
IMG_4-23.png,3
IMG_4-24.png,3
IMG_50-1.png,3
IMG_50-2.png,3
IMG_50-3.png,3
IMG_50-4.png,3
IMG_50-5.png,3
IMG_50-6.png,3
IMG_51-1.png,3
IMG_51-2.png,3
IMG_51-3.png,3
IMG_51-4.png,3
IMG_51-5.png,3
IMG_51-6.png,3
IMG_52-14.png,3
IMG_52-19.png,3
IMG_52-21.png,3
IMG_52-22.png,3
IMG_52-23.png,3
IMG_52-24.png,3
IMG_53-14.png,3
IMG_53-19.png,3
IMG_53-21.png,3
IMG_53-22.png,3
IMG_53-23.png,3
IMG_54-14.png,3
IMG_54-19.png,3
IMG_54-21.png,3
IMG_54-22.png,3
IMG_54-23.png,3
IMG_54-24.png,3
IMG_55-14.png,3
IMG_55-19.png,3
IMG_55-21.png,3
IMG_55-23.png,3
IMG_55-24.png,3
IMG_5-1.png,3
IMG_5-2.png,3
IMG_5-3.png,3
IMG_5-4.png,3
IMG_5-5.png,3
IMG_5-6.png,3
IMG_6-19.png,3
IMG_6-20.png,3
IMG_6-21.png,3
IMG_6-22.png,3
IMG_6-23.png,3
IMG_6-24.png,3
IMG_7-19.png,3
IMG_7-20.png,3
IMG_7-21.png,3
IMG_7-22.png,3
IMG_7-23.png,3
IMG_7-24.png,3
IMG_8-19.png,3
IMG_8-20.png,3
IMG_8-21.png,3
IMG_8-22.png,3
IMG_8-23.png,3
IMG_8-24.png,3
IMG_9-19.png,3
IMG_9-20.png,3
IMG_9-21.png,3
IMG_9-22.png,3
IMG_9-23.png,3
IMG_9-24.png,3
IMG_43-1.png,4
IMG_44-13.png,4
IMG_44-5.png,4
IMG_44-9.png,4
IMG_45-16.png,4
IMG_45-20.png,4
IMG_45-6.png,4
IMG_45-7.png,4
IMG_46-12.png,4
IMG_46-16.png,4
IMG_46-20.png,4
IMG_46-2.png,4
IMG_46-6.png,4
IMG_46-7.png,4
IMG_47-14.png,4
IMG_47-16.png,4
IMG_47-1.png,4
IMG_47-20.png,4
IMG_47-24.png,4
IMG_47-2.png,4
IMG_47-6.png,4
IMG_47-7.png,4
IMG_48-14.png,4
IMG_48-16.png,4
IMG_48-1.png,4
IMG_48-20.png,4
IMG_48-24.png,4
IMG_48-2.png,4
IMG_48-6.png,4
IMG_48-7.png,4
IMG_49-16.png,4
IMG_49-1.png,4
IMG_51-21.png,4
IMG_52-4.png,4
IMG_53-10.png,4
IMG_53-24.png,4
IMG_53-9.png,4
IMG_54-10.png,4
IMG_54-20.png,4
IMG_55-10.png,4
IMG_55-18.png,4
IMG_55-20.png,4
IMG_55-3.png,4